date,Listing type,Housing units
2015-09-30,Entire home/apt,815
2015-10-01,Entire home/apt,819
2015-10-02,Entire home/apt,820
2015-10-03,Entire home/apt,821
2015-10-04,Entire home/apt,822
2015-10-05,Entire home/apt,824
2015-10-06,Entire home/apt,827
2015-10-07,Entire home/apt,830
2015-10-08,Entire home/apt,831
2015-10-09,Entire home/apt,831
2015-10-10,Entire home/apt,831
2015-10-11,Entire home/apt,833
2015-10-12,Entire home/apt,833
2015-10-13,Entire home/apt,835
2015-10-14,Entire home/apt,836
2015-10-15,Entire home/apt,843
2015-10-16,Entire home/apt,843
2015-10-17,Entire home/apt,845
2015-10-18,Entire home/apt,845
2015-10-19,Entire home/apt,847
2015-10-20,Entire home/apt,847
2015-10-21,Entire home/apt,848
2015-10-22,Entire home/apt,853
2015-10-23,Entire home/apt,855
2015-10-24,Entire home/apt,859
2015-10-25,Entire home/apt,859
2015-10-26,Entire home/apt,865
2015-10-27,Entire home/apt,864
2015-10-28,Entire home/apt,864
2015-10-29,Entire home/apt,865
2015-10-30,Entire home/apt,858
2015-10-31,Entire home/apt,859
2015-11-01,Entire home/apt,860
2015-11-02,Entire home/apt,860
2015-11-03,Entire home/apt,862
2015-11-04,Entire home/apt,864
2015-11-05,Entire home/apt,864
2015-11-06,Entire home/apt,870
2015-11-07,Entire home/apt,869
2015-11-08,Entire home/apt,875
2015-11-09,Entire home/apt,882
2015-11-10,Entire home/apt,888
2015-11-11,Entire home/apt,889
2015-11-12,Entire home/apt,895
2015-11-13,Entire home/apt,895
2015-11-14,Entire home/apt,897
2015-11-15,Entire home/apt,902
2015-11-16,Entire home/apt,903
2015-11-17,Entire home/apt,902
2015-11-18,Entire home/apt,903
2015-11-19,Entire home/apt,902
2015-11-20,Entire home/apt,903
2015-11-21,Entire home/apt,906
2015-11-22,Entire home/apt,909
2015-11-23,Entire home/apt,907
2015-11-24,Entire home/apt,909
2015-11-25,Entire home/apt,910
2015-11-26,Entire home/apt,916
2015-11-27,Entire home/apt,917
2015-11-28,Entire home/apt,918
2015-11-29,Entire home/apt,919
2015-11-30,Entire home/apt,922
2015-12-01,Entire home/apt,926
2015-12-02,Entire home/apt,926
2015-12-03,Entire home/apt,927
2015-12-04,Entire home/apt,926
2015-12-05,Entire home/apt,934
2015-12-06,Entire home/apt,938
2015-12-07,Entire home/apt,938
2015-12-08,Entire home/apt,939
2015-12-09,Entire home/apt,943
2015-12-10,Entire home/apt,943
2015-12-11,Entire home/apt,947
2015-12-12,Entire home/apt,950
2015-12-13,Entire home/apt,953
2015-12-14,Entire home/apt,958
2015-12-15,Entire home/apt,962
2015-12-16,Entire home/apt,964
2015-12-17,Entire home/apt,969
2015-12-18,Entire home/apt,971
2015-12-19,Entire home/apt,973
2015-12-20,Entire home/apt,975
2015-12-21,Entire home/apt,980
2015-12-22,Entire home/apt,982
2015-12-23,Entire home/apt,986
2015-12-24,Entire home/apt,991
2015-12-25,Entire home/apt,991
2015-12-26,Entire home/apt,999
2015-12-27,Entire home/apt,999
2015-12-28,Entire home/apt,1001
2015-12-29,Entire home/apt,1006
2015-12-30,Entire home/apt,1011
2015-12-31,Entire home/apt,1014
2016-01-01,Entire home/apt,1017
2016-01-02,Entire home/apt,1020
2016-01-03,Entire home/apt,1026
2016-01-04,Entire home/apt,1030
2016-01-05,Entire home/apt,1035
2016-01-06,Entire home/apt,1044
2016-01-07,Entire home/apt,1049
2016-01-08,Entire home/apt,1055
2016-01-09,Entire home/apt,1057
2016-01-10,Entire home/apt,1059
2016-01-11,Entire home/apt,1061
2016-01-12,Entire home/apt,1063
2016-01-13,Entire home/apt,1067
2016-01-14,Entire home/apt,1069
2016-01-15,Entire home/apt,1072
2016-01-16,Entire home/apt,1071
2016-01-17,Entire home/apt,1073
2016-01-18,Entire home/apt,1072
2016-01-19,Entire home/apt,1073
2016-01-20,Entire home/apt,1077
2016-01-21,Entire home/apt,1077
2016-01-22,Entire home/apt,1077
2016-01-23,Entire home/apt,1081
2016-01-24,Entire home/apt,1082
2016-01-25,Entire home/apt,1083
2016-01-26,Entire home/apt,1083
2016-01-27,Entire home/apt,1086
2016-01-28,Entire home/apt,1088
2016-01-29,Entire home/apt,1093
2016-01-30,Entire home/apt,1094
2016-01-31,Entire home/apt,1098
2016-02-01,Entire home/apt,1101
2016-02-02,Entire home/apt,1104
2016-02-03,Entire home/apt,1112
2016-02-04,Entire home/apt,1111
2016-02-05,Entire home/apt,1114
2016-02-06,Entire home/apt,1117
2016-02-07,Entire home/apt,1118
2016-02-08,Entire home/apt,1123
2016-02-09,Entire home/apt,1128
2016-02-10,Entire home/apt,1134
2016-02-11,Entire home/apt,1137
2016-02-12,Entire home/apt,1140
2016-02-13,Entire home/apt,1147
2016-02-14,Entire home/apt,1147
2016-02-15,Entire home/apt,1150
2016-02-16,Entire home/apt,1150
2016-02-17,Entire home/apt,1149
2016-02-18,Entire home/apt,1151
2016-02-19,Entire home/apt,1153
2016-02-20,Entire home/apt,1155
2016-02-21,Entire home/apt,1157
2016-02-22,Entire home/apt,1158
2016-02-23,Entire home/apt,1158
2016-02-24,Entire home/apt,1161
2016-02-25,Entire home/apt,1161
2016-02-26,Entire home/apt,1163
2016-02-27,Entire home/apt,1165
2016-02-28,Entire home/apt,1166
2016-02-29,Entire home/apt,1164
2016-03-01,Entire home/apt,1166
2016-03-02,Entire home/apt,1168
2016-03-03,Entire home/apt,1169
2016-03-04,Entire home/apt,1172
2016-03-05,Entire home/apt,1175
2016-03-06,Entire home/apt,1178
2016-03-07,Entire home/apt,1183
2016-03-08,Entire home/apt,1191
2016-03-09,Entire home/apt,1193
2016-03-10,Entire home/apt,1193
2016-03-11,Entire home/apt,1197
2016-03-12,Entire home/apt,1199
2016-03-13,Entire home/apt,1204
2016-03-14,Entire home/apt,1205
2016-03-15,Entire home/apt,1204
2016-03-16,Entire home/apt,1205
2016-03-17,Entire home/apt,1207
2016-03-18,Entire home/apt,1207
2016-03-19,Entire home/apt,1210
2016-03-20,Entire home/apt,1212
2016-03-21,Entire home/apt,1215
2016-03-22,Entire home/apt,1213
2016-03-23,Entire home/apt,1217
2016-03-24,Entire home/apt,1222
2016-03-25,Entire home/apt,1224
2016-03-26,Entire home/apt,1223
2016-03-27,Entire home/apt,1220
2016-03-28,Entire home/apt,1220
2016-03-29,Entire home/apt,1223
2016-03-30,Entire home/apt,1220
2016-03-31,Entire home/apt,1221
2016-04-01,Entire home/apt,1221
2016-04-02,Entire home/apt,1224
2016-04-03,Entire home/apt,1223
2016-04-04,Entire home/apt,1226
2016-04-05,Entire home/apt,1226
2016-04-06,Entire home/apt,1225
2016-04-07,Entire home/apt,1226
2016-04-08,Entire home/apt,1230
2016-04-09,Entire home/apt,1231
2016-04-10,Entire home/apt,1229
2016-04-11,Entire home/apt,1229
2016-04-12,Entire home/apt,1228
2016-04-13,Entire home/apt,1232
2016-04-14,Entire home/apt,1234
2016-04-15,Entire home/apt,1233
2016-04-16,Entire home/apt,1234
2016-04-17,Entire home/apt,1234
2016-04-18,Entire home/apt,1236
2016-04-19,Entire home/apt,1237
2016-04-20,Entire home/apt,1242
2016-04-21,Entire home/apt,1241
2016-04-22,Entire home/apt,1243
2016-04-23,Entire home/apt,1244
2016-04-24,Entire home/apt,1248
2016-04-25,Entire home/apt,1250
2016-04-26,Entire home/apt,1252
2016-04-27,Entire home/apt,1256
2016-04-28,Entire home/apt,1258
2016-04-29,Entire home/apt,1261
2016-04-30,Entire home/apt,1263
2016-05-01,Entire home/apt,1262
2016-05-02,Entire home/apt,1270
2016-05-03,Entire home/apt,1272
2016-05-04,Entire home/apt,1274
2016-05-05,Entire home/apt,1277
2016-05-06,Entire home/apt,1275
2016-05-07,Entire home/apt,1274
2016-05-08,Entire home/apt,1274
2016-05-09,Entire home/apt,1277
2016-05-10,Entire home/apt,1280
2016-05-11,Entire home/apt,1284
2016-05-12,Entire home/apt,1287
2016-05-13,Entire home/apt,1291
2016-05-14,Entire home/apt,1295
2016-05-15,Entire home/apt,1296
2016-05-16,Entire home/apt,1298
2016-05-17,Entire home/apt,1301
2016-05-18,Entire home/apt,1298
2016-05-19,Entire home/apt,1301
2016-05-20,Entire home/apt,1300
2016-05-21,Entire home/apt,1301
2016-05-22,Entire home/apt,1303
2016-05-23,Entire home/apt,1300
2016-05-24,Entire home/apt,1301
2016-05-25,Entire home/apt,1311
2016-05-26,Entire home/apt,1314
2016-05-27,Entire home/apt,1318
2016-05-28,Entire home/apt,1321
2016-05-29,Entire home/apt,1327
2016-05-30,Entire home/apt,1336
2016-05-31,Entire home/apt,1339
2016-06-01,Entire home/apt,1340
2016-06-02,Entire home/apt,1338
2016-06-03,Entire home/apt,1340
2016-06-04,Entire home/apt,1343
2016-06-05,Entire home/apt,1342
2016-06-06,Entire home/apt,1344
2016-06-07,Entire home/apt,1349
2016-06-08,Entire home/apt,1362
2016-06-09,Entire home/apt,1365
2016-06-10,Entire home/apt,1368
2016-06-11,Entire home/apt,1369
2016-06-12,Entire home/apt,1372
2016-06-13,Entire home/apt,1378
2016-06-14,Entire home/apt,1379
2016-06-15,Entire home/apt,1385
2016-06-16,Entire home/apt,1383
2016-06-17,Entire home/apt,1388
2016-06-18,Entire home/apt,1393
2016-06-19,Entire home/apt,1396
2016-06-20,Entire home/apt,1397
2016-06-21,Entire home/apt,1399
2016-06-22,Entire home/apt,1399
2016-06-23,Entire home/apt,1401
2016-06-24,Entire home/apt,1405
2016-06-25,Entire home/apt,1403
2016-06-26,Entire home/apt,1406
2016-06-27,Entire home/apt,1406
2016-06-28,Entire home/apt,1406
2016-06-29,Entire home/apt,1409
2016-06-30,Entire home/apt,1412
2016-07-01,Entire home/apt,1417
2016-07-02,Entire home/apt,1419
2016-07-03,Entire home/apt,1426
2016-07-04,Entire home/apt,1428
2016-07-05,Entire home/apt,1431
2016-07-06,Entire home/apt,1433
2016-07-07,Entire home/apt,1433
2016-07-08,Entire home/apt,1436
2016-07-09,Entire home/apt,1441
2016-07-10,Entire home/apt,1442
2016-07-11,Entire home/apt,1444
2016-07-12,Entire home/apt,1442
2016-07-13,Entire home/apt,1443
2016-07-14,Entire home/apt,1450
2016-07-15,Entire home/apt,1455
2016-07-16,Entire home/apt,1457
2016-07-17,Entire home/apt,1459
2016-07-18,Entire home/apt,1462
2016-07-19,Entire home/apt,1460
2016-07-20,Entire home/apt,1466
2016-07-21,Entire home/apt,1473
2016-07-22,Entire home/apt,1481
2016-07-23,Entire home/apt,1482
2016-07-24,Entire home/apt,1486
2016-07-25,Entire home/apt,1484
2016-07-26,Entire home/apt,1482
2016-07-27,Entire home/apt,1481
2016-07-28,Entire home/apt,1493
2016-07-29,Entire home/apt,1496
2016-07-30,Entire home/apt,1498
2016-07-31,Entire home/apt,1499
2016-08-01,Entire home/apt,1501
2016-08-02,Entire home/apt,1502
2016-08-03,Entire home/apt,1508
2016-08-04,Entire home/apt,1515
2016-08-05,Entire home/apt,1514
2016-08-06,Entire home/apt,1515
2016-08-07,Entire home/apt,1516
2016-08-08,Entire home/apt,1510
2016-08-09,Entire home/apt,1514
2016-08-10,Entire home/apt,1519
2016-08-11,Entire home/apt,1525
2016-08-12,Entire home/apt,1536
2016-08-13,Entire home/apt,1536
2016-08-14,Entire home/apt,1536
2016-08-15,Entire home/apt,1537
2016-08-16,Entire home/apt,1543
2016-08-17,Entire home/apt,1545
2016-08-18,Entire home/apt,1548
2016-08-19,Entire home/apt,1546
2016-08-20,Entire home/apt,1555
2016-08-21,Entire home/apt,1562
2016-08-22,Entire home/apt,1560
2016-08-23,Entire home/apt,1566
2016-08-24,Entire home/apt,1575
2016-08-25,Entire home/apt,1578
2016-08-26,Entire home/apt,1589
2016-08-27,Entire home/apt,1591
2016-08-28,Entire home/apt,1588
2016-08-29,Entire home/apt,1589
2016-08-30,Entire home/apt,1586
2016-08-31,Entire home/apt,1590
2016-09-01,Entire home/apt,1587
2016-09-02,Entire home/apt,1593
2016-09-03,Entire home/apt,1594
2016-09-04,Entire home/apt,1596
2016-09-05,Entire home/apt,1601
2016-09-06,Entire home/apt,1601
2016-09-07,Entire home/apt,1610
2016-09-08,Entire home/apt,1615
2016-09-09,Entire home/apt,1617
2016-09-10,Entire home/apt,1620
2016-09-11,Entire home/apt,1619
2016-09-12,Entire home/apt,1622
2016-09-13,Entire home/apt,1624
2016-09-14,Entire home/apt,1626
2016-09-15,Entire home/apt,1630
2016-09-16,Entire home/apt,1638
2016-09-17,Entire home/apt,1647
2016-09-18,Entire home/apt,1648
2016-09-19,Entire home/apt,1645
2016-09-20,Entire home/apt,1645
2016-09-21,Entire home/apt,1647
2016-09-22,Entire home/apt,1649
2016-09-23,Entire home/apt,1654
2016-09-24,Entire home/apt,1662
2016-09-25,Entire home/apt,1663
2016-09-26,Entire home/apt,1667
2016-09-27,Entire home/apt,1668
2016-09-28,Entire home/apt,1670
2016-09-29,Entire home/apt,1670
2016-09-30,Entire home/apt,1675
2016-10-01,Entire home/apt,1680
2016-10-02,Entire home/apt,1679
2016-10-03,Entire home/apt,1679
2016-10-04,Entire home/apt,1680
2016-10-05,Entire home/apt,1682
2016-10-06,Entire home/apt,1684
2016-10-07,Entire home/apt,1690
2016-10-08,Entire home/apt,1691
2016-10-09,Entire home/apt,1692
2016-10-10,Entire home/apt,1698
2016-10-11,Entire home/apt,1700
2016-10-12,Entire home/apt,1696
2016-10-13,Entire home/apt,1696
2016-10-14,Entire home/apt,1701
2016-10-15,Entire home/apt,1701
2016-10-16,Entire home/apt,1704
2016-10-17,Entire home/apt,1702
2016-10-18,Entire home/apt,1705
2016-10-19,Entire home/apt,1708
2016-10-20,Entire home/apt,1710
2016-10-21,Entire home/apt,1708
2016-10-22,Entire home/apt,1710
2016-10-23,Entire home/apt,1716
2016-10-24,Entire home/apt,1720
2016-10-25,Entire home/apt,1722
2016-10-26,Entire home/apt,1718
2016-10-27,Entire home/apt,1721
2016-10-28,Entire home/apt,1721
2016-10-29,Entire home/apt,1719
2016-10-30,Entire home/apt,1720
2016-10-31,Entire home/apt,1722
2016-11-01,Entire home/apt,1726
2016-11-02,Entire home/apt,1732
2016-11-03,Entire home/apt,1736
2016-11-04,Entire home/apt,1742
2016-11-05,Entire home/apt,1744
2016-11-06,Entire home/apt,1752
2016-11-07,Entire home/apt,1760
2016-11-08,Entire home/apt,1761
2016-11-09,Entire home/apt,1773
2016-11-10,Entire home/apt,1772
2016-11-11,Entire home/apt,1773
2016-11-12,Entire home/apt,1776
2016-11-13,Entire home/apt,1780
2016-11-14,Entire home/apt,1785
2016-11-15,Entire home/apt,1788
2016-11-16,Entire home/apt,1790
2016-11-17,Entire home/apt,1790
2016-11-18,Entire home/apt,1796
2016-11-19,Entire home/apt,1798
2016-11-20,Entire home/apt,1800
2016-11-21,Entire home/apt,1805
2016-11-22,Entire home/apt,1806
2016-11-23,Entire home/apt,1813
2016-11-24,Entire home/apt,1823
2016-11-25,Entire home/apt,1833
2016-11-26,Entire home/apt,1841
2016-11-27,Entire home/apt,1842
2016-11-28,Entire home/apt,1844
2016-11-29,Entire home/apt,1842
2016-11-30,Entire home/apt,1846
2016-12-01,Entire home/apt,1848
2016-12-02,Entire home/apt,1851
2016-12-03,Entire home/apt,1853
2016-12-04,Entire home/apt,1855
2016-12-05,Entire home/apt,1861
2016-12-06,Entire home/apt,1862
2016-12-07,Entire home/apt,1863
2016-12-08,Entire home/apt,1862
2016-12-09,Entire home/apt,1865
2016-12-10,Entire home/apt,1870
2016-12-11,Entire home/apt,1874
2016-12-12,Entire home/apt,1875
2016-12-13,Entire home/apt,1878
2016-12-14,Entire home/apt,1883
2016-12-15,Entire home/apt,1883
2016-12-16,Entire home/apt,1889
2016-12-17,Entire home/apt,1897
2016-12-18,Entire home/apt,1897
2016-12-19,Entire home/apt,1901
2016-12-20,Entire home/apt,1909
2016-12-21,Entire home/apt,1910
2016-12-22,Entire home/apt,1913
2016-12-23,Entire home/apt,1918
2016-12-24,Entire home/apt,1921
2016-12-25,Entire home/apt,1923
2016-12-26,Entire home/apt,1927
2016-12-27,Entire home/apt,1934
2016-12-28,Entire home/apt,1940
2016-12-29,Entire home/apt,1942
2016-12-30,Entire home/apt,1949
2016-12-31,Entire home/apt,1951
2017-01-01,Entire home/apt,1955
2017-01-02,Entire home/apt,1964
2017-01-03,Entire home/apt,1970
2017-01-04,Entire home/apt,1972
2017-01-05,Entire home/apt,1977
2017-01-06,Entire home/apt,1978
2017-01-07,Entire home/apt,1982
2017-01-08,Entire home/apt,1987
2017-01-09,Entire home/apt,1990
2017-01-10,Entire home/apt,1995
2017-01-11,Entire home/apt,2001
2017-01-12,Entire home/apt,1998
2017-01-13,Entire home/apt,2006
2017-01-14,Entire home/apt,2006
2017-01-15,Entire home/apt,2007
2017-01-16,Entire home/apt,2014
2017-01-17,Entire home/apt,2020
2017-01-18,Entire home/apt,2019
2017-01-19,Entire home/apt,2022
2017-01-20,Entire home/apt,2026
2017-01-21,Entire home/apt,2030
2017-01-22,Entire home/apt,2032
2017-01-23,Entire home/apt,2031
2017-01-24,Entire home/apt,2027
2017-01-25,Entire home/apt,2031
2017-01-26,Entire home/apt,2030
2017-01-27,Entire home/apt,2032
2017-01-28,Entire home/apt,2031
2017-01-29,Entire home/apt,2026
2017-01-30,Entire home/apt,2030
2017-01-31,Entire home/apt,2035
2017-02-01,Entire home/apt,2038
2017-02-02,Entire home/apt,2041
2017-02-03,Entire home/apt,2044
2017-02-04,Entire home/apt,2047
2017-02-05,Entire home/apt,2051
2017-02-06,Entire home/apt,2051
2017-02-07,Entire home/apt,2055
2017-02-08,Entire home/apt,2063
2017-02-09,Entire home/apt,2066
2017-02-10,Entire home/apt,2070
2017-02-11,Entire home/apt,2074
2017-02-12,Entire home/apt,2072
2017-02-13,Entire home/apt,2071
2017-02-14,Entire home/apt,2073
2017-02-15,Entire home/apt,2074
2017-02-16,Entire home/apt,2077
2017-02-17,Entire home/apt,2074
2017-02-18,Entire home/apt,2076
2017-02-19,Entire home/apt,2077
2017-02-20,Entire home/apt,2072
2017-02-21,Entire home/apt,2078
2017-02-22,Entire home/apt,2081
2017-02-23,Entire home/apt,2087
2017-02-24,Entire home/apt,2090
2017-02-25,Entire home/apt,2090
2017-02-26,Entire home/apt,2093
2017-02-27,Entire home/apt,2095
2017-02-28,Entire home/apt,2100
2017-03-01,Entire home/apt,2106
2017-03-02,Entire home/apt,2108
2017-03-03,Entire home/apt,2118
2017-03-04,Entire home/apt,2123
2017-03-05,Entire home/apt,2121
2017-03-06,Entire home/apt,2132
2017-03-07,Entire home/apt,2140
2017-03-08,Entire home/apt,2142
2017-03-09,Entire home/apt,2152
2017-03-10,Entire home/apt,2153
2017-03-11,Entire home/apt,2157
2017-03-12,Entire home/apt,2160
2017-03-13,Entire home/apt,2168
2017-03-14,Entire home/apt,2175
2017-03-15,Entire home/apt,2178
2017-03-16,Entire home/apt,2185
2017-03-17,Entire home/apt,2191
2017-03-18,Entire home/apt,2198
2017-03-19,Entire home/apt,2203
2017-03-20,Entire home/apt,2210
2017-03-21,Entire home/apt,2220
2017-03-22,Entire home/apt,2226
2017-03-23,Entire home/apt,2228
2017-03-24,Entire home/apt,2229
2017-03-25,Entire home/apt,2232
2017-03-26,Entire home/apt,2228
2017-03-27,Entire home/apt,2228
2017-03-28,Entire home/apt,2231
2017-03-29,Entire home/apt,2234
2017-03-30,Entire home/apt,2234
2017-03-31,Entire home/apt,2237
2017-04-01,Entire home/apt,2238
2017-04-02,Entire home/apt,2243
2017-04-03,Entire home/apt,2249
2017-04-04,Entire home/apt,2247
2017-04-05,Entire home/apt,2251
2017-04-06,Entire home/apt,2250
2017-04-07,Entire home/apt,2253
2017-04-08,Entire home/apt,2260
2017-04-09,Entire home/apt,2260
2017-04-10,Entire home/apt,2267
2017-04-11,Entire home/apt,2267
2017-04-12,Entire home/apt,2274
2017-04-13,Entire home/apt,2276
2017-04-14,Entire home/apt,2279
2017-04-15,Entire home/apt,2283
2017-04-16,Entire home/apt,2289
2017-04-17,Entire home/apt,2291
2017-04-18,Entire home/apt,2292
2017-04-19,Entire home/apt,2296
2017-04-20,Entire home/apt,2300
2017-04-21,Entire home/apt,2301
2017-04-22,Entire home/apt,2308
2017-04-23,Entire home/apt,2313
2017-04-24,Entire home/apt,2322
2017-04-25,Entire home/apt,2332
2017-04-26,Entire home/apt,2337
2017-04-27,Entire home/apt,2348
2017-04-28,Entire home/apt,2343
2017-04-29,Entire home/apt,2345
2017-04-30,Entire home/apt,2350
2017-05-01,Entire home/apt,2353
2017-05-02,Entire home/apt,2354
2017-05-03,Entire home/apt,2352
2017-05-04,Entire home/apt,2361
2017-05-05,Entire home/apt,2364
2017-05-06,Entire home/apt,2370
2017-05-07,Entire home/apt,2373
2017-05-08,Entire home/apt,2378
2017-05-09,Entire home/apt,2378
2017-05-10,Entire home/apt,2384
2017-05-11,Entire home/apt,2383
2017-05-12,Entire home/apt,2387
2017-05-13,Entire home/apt,2393
2017-05-14,Entire home/apt,2398
2017-05-15,Entire home/apt,2402
2017-05-16,Entire home/apt,2406
2017-05-17,Entire home/apt,2407
2017-05-18,Entire home/apt,2409
2017-05-19,Entire home/apt,2418
2017-05-20,Entire home/apt,2419
2017-05-21,Entire home/apt,2427
2017-05-22,Entire home/apt,2427
2017-05-23,Entire home/apt,2426
2017-05-24,Entire home/apt,2431
2017-05-25,Entire home/apt,2439
2017-05-26,Entire home/apt,2437
2017-05-27,Entire home/apt,2446
2017-05-28,Entire home/apt,2459
2017-05-29,Entire home/apt,2462
2017-05-30,Entire home/apt,2462
2017-05-31,Entire home/apt,2469
2017-06-01,Entire home/apt,2470
2017-06-02,Entire home/apt,2470
2017-06-03,Entire home/apt,2476
2017-06-04,Entire home/apt,2482
2017-06-05,Entire home/apt,2491
2017-06-06,Entire home/apt,2503
2017-06-07,Entire home/apt,2509
2017-06-08,Entire home/apt,2512
2017-06-09,Entire home/apt,2513
2017-06-10,Entire home/apt,2519
2017-06-11,Entire home/apt,2517
2017-06-12,Entire home/apt,2516
2017-06-13,Entire home/apt,2515
2017-06-14,Entire home/apt,2522
2017-06-15,Entire home/apt,2526
2017-06-16,Entire home/apt,2530
2017-06-17,Entire home/apt,2544
2017-06-18,Entire home/apt,2554
2017-06-19,Entire home/apt,2556
2017-06-20,Entire home/apt,2564
2017-06-21,Entire home/apt,2564
2017-06-22,Entire home/apt,2568
2017-06-23,Entire home/apt,2572
2017-06-24,Entire home/apt,2587
2017-06-25,Entire home/apt,2596
2017-06-26,Entire home/apt,2601
2017-06-27,Entire home/apt,2602
2017-06-28,Entire home/apt,2606
2017-06-29,Entire home/apt,2607
2017-06-30,Entire home/apt,2616
2017-07-01,Entire home/apt,2618
2017-07-02,Entire home/apt,2626
2017-07-03,Entire home/apt,2623
2017-07-04,Entire home/apt,2630
2017-07-05,Entire home/apt,2636
2017-07-06,Entire home/apt,2642
2017-07-07,Entire home/apt,2643
2017-07-08,Entire home/apt,2648
2017-07-09,Entire home/apt,2647
2017-07-10,Entire home/apt,2654
2017-07-11,Entire home/apt,2663
2017-07-12,Entire home/apt,2667
2017-07-13,Entire home/apt,2673
2017-07-14,Entire home/apt,2690
2017-07-15,Entire home/apt,2701
2017-07-16,Entire home/apt,2702
2017-07-17,Entire home/apt,2705
2017-07-18,Entire home/apt,2697
2017-07-19,Entire home/apt,2706
2017-07-20,Entire home/apt,2714
2017-07-21,Entire home/apt,2719
2017-07-22,Entire home/apt,2717
2017-07-23,Entire home/apt,2717
2017-07-24,Entire home/apt,2721
2017-07-25,Entire home/apt,2722
2017-07-26,Entire home/apt,2722
2017-07-27,Entire home/apt,2727
2017-07-28,Entire home/apt,2724
2017-07-29,Entire home/apt,2730
2017-07-30,Entire home/apt,2736
2017-07-31,Entire home/apt,2747
2017-08-01,Entire home/apt,2753
2017-08-02,Entire home/apt,2754
2017-08-03,Entire home/apt,2761
2017-08-04,Entire home/apt,2765
2017-08-05,Entire home/apt,2770
2017-08-06,Entire home/apt,2777
2017-08-07,Entire home/apt,2785
2017-08-08,Entire home/apt,2788
2017-08-09,Entire home/apt,2785
2017-08-10,Entire home/apt,2782
2017-08-11,Entire home/apt,2785
2017-08-12,Entire home/apt,2791
2017-08-13,Entire home/apt,2800
2017-08-14,Entire home/apt,2805
2017-08-15,Entire home/apt,2808
2017-08-16,Entire home/apt,2813
2017-08-17,Entire home/apt,2817
2017-08-18,Entire home/apt,2822
2017-08-19,Entire home/apt,2825
2017-08-20,Entire home/apt,2829
2017-08-21,Entire home/apt,2833
2017-08-22,Entire home/apt,2830
2017-08-23,Entire home/apt,2836
2017-08-24,Entire home/apt,2835
2017-08-25,Entire home/apt,2837
2017-08-26,Entire home/apt,2848
2017-08-27,Entire home/apt,2857
2017-08-28,Entire home/apt,2866
2017-08-29,Entire home/apt,2875
2017-08-30,Entire home/apt,2875
2017-08-31,Entire home/apt,2879
2017-09-01,Entire home/apt,2893
2017-09-02,Entire home/apt,2893
2017-09-03,Entire home/apt,2889
2017-09-04,Entire home/apt,2894
2017-09-05,Entire home/apt,2899
2017-09-06,Entire home/apt,2912
2017-09-07,Entire home/apt,2913
2017-09-08,Entire home/apt,2914
2017-09-09,Entire home/apt,2916
2017-09-10,Entire home/apt,2918
2017-09-11,Entire home/apt,2918
2017-09-12,Entire home/apt,2924
2017-09-13,Entire home/apt,2927
2017-09-14,Entire home/apt,2935
2017-09-15,Entire home/apt,2944
2017-09-16,Entire home/apt,2948
2017-09-17,Entire home/apt,2952
2017-09-18,Entire home/apt,2960
2017-09-19,Entire home/apt,2966
2017-09-20,Entire home/apt,2968
2017-09-21,Entire home/apt,2969
2017-09-22,Entire home/apt,2976
2017-09-23,Entire home/apt,2984
2017-09-24,Entire home/apt,2988
2017-09-25,Entire home/apt,2992
2017-09-26,Entire home/apt,2991
2017-09-27,Entire home/apt,2998
2017-09-28,Entire home/apt,3003
2017-09-29,Entire home/apt,3008
2017-09-30,Entire home/apt,3015
2017-10-01,Entire home/apt,3016
2017-10-02,Entire home/apt,3025
2017-10-03,Entire home/apt,3029
2017-10-04,Entire home/apt,3031
2017-10-05,Entire home/apt,3036
2017-10-06,Entire home/apt,3043
2017-10-07,Entire home/apt,3050
2017-10-08,Entire home/apt,3053
2017-10-09,Entire home/apt,3060
2017-10-10,Entire home/apt,3064
2017-10-11,Entire home/apt,3067
2017-10-12,Entire home/apt,3071
2017-10-13,Entire home/apt,3073
2017-10-14,Entire home/apt,3079
2017-10-15,Entire home/apt,3082
2017-10-16,Entire home/apt,3092
2017-10-17,Entire home/apt,3101
2017-10-18,Entire home/apt,3106
2017-10-19,Entire home/apt,3109
2017-10-20,Entire home/apt,3112
2017-10-21,Entire home/apt,3118
2017-10-22,Entire home/apt,3119
2017-10-23,Entire home/apt,3124
2017-10-24,Entire home/apt,3131
2017-10-25,Entire home/apt,3133
2017-10-26,Entire home/apt,3138
2017-10-27,Entire home/apt,3143
2017-10-28,Entire home/apt,3144
2017-10-29,Entire home/apt,3143
2017-10-30,Entire home/apt,3143
2017-10-31,Entire home/apt,3148
2017-11-01,Entire home/apt,3148
2017-11-02,Entire home/apt,3151
2017-11-03,Entire home/apt,3156
2017-11-04,Entire home/apt,3161
2017-11-05,Entire home/apt,3161
2017-11-06,Entire home/apt,3165
2017-11-07,Entire home/apt,3171
2017-11-08,Entire home/apt,3174
2017-11-09,Entire home/apt,3182
2017-11-10,Entire home/apt,3186
2017-11-11,Entire home/apt,3188
2017-11-12,Entire home/apt,3183
2017-11-13,Entire home/apt,3182
2017-11-14,Entire home/apt,3181
2017-11-15,Entire home/apt,3183
2017-11-16,Entire home/apt,3186
2017-11-17,Entire home/apt,3186
2017-11-18,Entire home/apt,3194
2017-11-19,Entire home/apt,3197
2017-11-20,Entire home/apt,3207
2017-11-21,Entire home/apt,3209
2017-11-22,Entire home/apt,3213
2017-11-23,Entire home/apt,3215
2017-11-24,Entire home/apt,3222
2017-11-25,Entire home/apt,3224
2017-11-26,Entire home/apt,3231
2017-11-27,Entire home/apt,3229
2017-11-28,Entire home/apt,3230
2017-11-29,Entire home/apt,3237
2017-11-30,Entire home/apt,3288
2017-12-01,Entire home/apt,3301
2017-12-02,Entire home/apt,3311
2017-12-03,Entire home/apt,3314
2017-12-04,Entire home/apt,3322
2017-12-05,Entire home/apt,3321
2017-12-06,Entire home/apt,3321
2017-12-07,Entire home/apt,3334
2017-12-08,Entire home/apt,3340
2017-12-09,Entire home/apt,3341
2017-12-10,Entire home/apt,3348
2017-12-11,Entire home/apt,3358
2017-12-12,Entire home/apt,3362
2017-12-13,Entire home/apt,3366
2017-12-14,Entire home/apt,3370
2017-12-15,Entire home/apt,3396
2017-12-16,Entire home/apt,3397
2017-12-17,Entire home/apt,3403
2017-12-18,Entire home/apt,3411
2017-12-19,Entire home/apt,3417
2017-12-20,Entire home/apt,3423
2017-12-21,Entire home/apt,3428
2017-12-22,Entire home/apt,3430
2017-12-23,Entire home/apt,3431
2017-12-24,Entire home/apt,3436
2017-12-25,Entire home/apt,3438
2017-12-26,Entire home/apt,3439
2017-12-27,Entire home/apt,3447
2017-12-28,Entire home/apt,3451
2017-12-29,Entire home/apt,3459
2017-12-30,Entire home/apt,3467
2017-12-31,Entire home/apt,3470
2018-01-01,Entire home/apt,3471
2018-01-02,Entire home/apt,3474
2018-01-03,Entire home/apt,3483
2018-01-04,Entire home/apt,3487
2018-01-05,Entire home/apt,3491
2018-01-06,Entire home/apt,3495
2018-01-07,Entire home/apt,3502
2018-01-08,Entire home/apt,3506
2018-01-09,Entire home/apt,3504
2018-01-10,Entire home/apt,3513
2018-01-11,Entire home/apt,3516
2018-01-12,Entire home/apt,3522
2018-01-13,Entire home/apt,3530
2018-01-14,Entire home/apt,3525
2018-01-15,Entire home/apt,3530
2018-01-16,Entire home/apt,3536
2018-01-17,Entire home/apt,3544
2018-01-18,Entire home/apt,3540
2018-01-19,Entire home/apt,3543
2018-01-20,Entire home/apt,3545
2018-01-21,Entire home/apt,3550
2018-01-22,Entire home/apt,3558
2018-01-23,Entire home/apt,3558
2018-01-24,Entire home/apt,3565
2018-01-25,Entire home/apt,3570
2018-01-26,Entire home/apt,3572
2018-01-27,Entire home/apt,3583
2018-01-28,Entire home/apt,3587
2018-01-29,Entire home/apt,3588
2018-01-30,Entire home/apt,3592
2018-01-31,Entire home/apt,3594
2018-02-01,Entire home/apt,3598
2018-02-02,Entire home/apt,3596
2018-02-03,Entire home/apt,3606
2018-02-04,Entire home/apt,3609
2018-02-05,Entire home/apt,3614
2018-02-06,Entire home/apt,3617
2018-02-07,Entire home/apt,3615
2018-02-08,Entire home/apt,3613
2018-02-09,Entire home/apt,3616
2018-02-10,Entire home/apt,3615
2018-02-11,Entire home/apt,3622
2018-02-12,Entire home/apt,3624
2018-02-13,Entire home/apt,3625
2018-02-14,Entire home/apt,3627
2018-02-15,Entire home/apt,3636
2018-02-16,Entire home/apt,3634
2018-02-17,Entire home/apt,3634
2018-02-18,Entire home/apt,3635
2018-02-19,Entire home/apt,3633
2018-02-20,Entire home/apt,3638
2018-02-21,Entire home/apt,3639
2018-02-22,Entire home/apt,3643
2018-02-23,Entire home/apt,3647
2018-02-24,Entire home/apt,3646
2018-02-25,Entire home/apt,3649
2018-02-26,Entire home/apt,3648
2018-02-27,Entire home/apt,3648
2018-02-28,Entire home/apt,3646
2018-03-01,Entire home/apt,3650
2018-03-02,Entire home/apt,3654
2018-03-03,Entire home/apt,3661
2018-03-04,Entire home/apt,3661
2018-03-05,Entire home/apt,3667
2018-03-06,Entire home/apt,3678
2018-03-07,Entire home/apt,3672
2018-03-08,Entire home/apt,3674
2018-03-09,Entire home/apt,3676
2018-03-10,Entire home/apt,3688
2018-03-11,Entire home/apt,3696
2018-03-12,Entire home/apt,3707
2018-03-13,Entire home/apt,3712
2018-03-14,Entire home/apt,3718
2018-03-15,Entire home/apt,3721
2018-03-16,Entire home/apt,3724
2018-03-17,Entire home/apt,3732
2018-03-18,Entire home/apt,3743
2018-03-19,Entire home/apt,3747
2018-03-20,Entire home/apt,3752
2018-03-21,Entire home/apt,3758
2018-03-22,Entire home/apt,3777
2018-03-23,Entire home/apt,3787
2018-03-24,Entire home/apt,3789
2018-03-25,Entire home/apt,3793
2018-03-26,Entire home/apt,3800
2018-03-27,Entire home/apt,3803
2018-03-28,Entire home/apt,3803
2018-03-29,Entire home/apt,3811
2018-03-30,Entire home/apt,3811
2018-03-31,Entire home/apt,3819
2018-04-01,Entire home/apt,3821
2018-04-02,Entire home/apt,3838
2018-04-03,Entire home/apt,3836
2018-04-04,Entire home/apt,3832
2018-04-05,Entire home/apt,3833
2018-04-06,Entire home/apt,3832
2018-04-07,Entire home/apt,3836
2018-04-08,Entire home/apt,3834
2018-04-09,Entire home/apt,3836
2018-04-10,Entire home/apt,3839
2018-04-11,Entire home/apt,3840
2018-04-12,Entire home/apt,3840
2018-04-13,Entire home/apt,3844
2018-04-14,Entire home/apt,3846
2018-04-15,Entire home/apt,3850
2018-04-16,Entire home/apt,3851
2018-04-17,Entire home/apt,3857
2018-04-18,Entire home/apt,3856
2018-04-19,Entire home/apt,3859
2018-04-20,Entire home/apt,3856
2018-04-21,Entire home/apt,3858
2018-04-22,Entire home/apt,3863
2018-04-23,Entire home/apt,3865
2018-04-24,Entire home/apt,3868
2018-04-25,Entire home/apt,3876
2018-04-26,Entire home/apt,3880
2018-04-27,Entire home/apt,3885
2018-04-28,Entire home/apt,3892
2018-04-29,Entire home/apt,3897
2018-04-30,Entire home/apt,3903
2018-05-01,Entire home/apt,3901
2018-05-02,Entire home/apt,3910
2018-05-03,Entire home/apt,3904
2018-05-04,Entire home/apt,3899
2018-05-05,Entire home/apt,3902
2018-05-06,Entire home/apt,3906
2018-05-07,Entire home/apt,3906
2018-05-08,Entire home/apt,3909
2018-05-09,Entire home/apt,3911
2018-05-10,Entire home/apt,3915
2018-05-11,Entire home/apt,3910
2018-05-12,Entire home/apt,3913
2018-05-13,Entire home/apt,3916
2018-05-14,Entire home/apt,3919
2018-05-15,Entire home/apt,3921
2018-05-16,Entire home/apt,3929
2018-05-17,Entire home/apt,3930
2018-05-18,Entire home/apt,3939
2018-05-19,Entire home/apt,3949
2018-05-20,Entire home/apt,3954
2018-05-21,Entire home/apt,3965
2018-05-22,Entire home/apt,3970
2018-05-23,Entire home/apt,3978
2018-05-24,Entire home/apt,3979
2018-05-25,Entire home/apt,3983
2018-05-26,Entire home/apt,3986
2018-05-27,Entire home/apt,3986
2018-05-28,Entire home/apt,3986
2018-05-29,Entire home/apt,3990
2018-05-30,Entire home/apt,3992
2018-05-31,Entire home/apt,3989
2018-06-01,Entire home/apt,3995
2018-06-02,Entire home/apt,3993
2018-06-03,Entire home/apt,3998
2018-06-04,Entire home/apt,4000
2018-06-05,Entire home/apt,4005
2018-06-06,Entire home/apt,4013
2018-06-07,Entire home/apt,4024
2018-06-08,Entire home/apt,4043
2018-06-09,Entire home/apt,4046
2018-06-10,Entire home/apt,4052
2018-06-11,Entire home/apt,4065
2018-06-12,Entire home/apt,4069
2018-06-13,Entire home/apt,4077
2018-06-14,Entire home/apt,4078
2018-06-15,Entire home/apt,4078
2018-06-16,Entire home/apt,4074
2018-06-17,Entire home/apt,4069
2018-06-18,Entire home/apt,4072
2018-06-19,Entire home/apt,4077
2018-06-20,Entire home/apt,4087
2018-06-21,Entire home/apt,4095
2018-06-22,Entire home/apt,4100
2018-06-23,Entire home/apt,4104
2018-06-24,Entire home/apt,4108
2018-06-25,Entire home/apt,4110
2018-06-26,Entire home/apt,4109
2018-06-27,Entire home/apt,4106
2018-06-28,Entire home/apt,4107
2018-06-29,Entire home/apt,4108
2018-06-30,Entire home/apt,4104
2018-07-01,Entire home/apt,4104
2018-07-02,Entire home/apt,4107
2018-07-03,Entire home/apt,4111
2018-07-04,Entire home/apt,4115
2018-07-05,Entire home/apt,4119
2018-07-06,Entire home/apt,4134
2018-07-07,Entire home/apt,4131
2018-07-08,Entire home/apt,4131
2018-07-09,Entire home/apt,4135
2018-07-10,Entire home/apt,4131
2018-07-11,Entire home/apt,4129
2018-07-12,Entire home/apt,4134
2018-07-13,Entire home/apt,4139
2018-07-14,Entire home/apt,4141
2018-07-15,Entire home/apt,4145
2018-07-16,Entire home/apt,4140
2018-07-17,Entire home/apt,4142
2018-07-18,Entire home/apt,4143
2018-07-19,Entire home/apt,4144
2018-07-20,Entire home/apt,4155
2018-07-21,Entire home/apt,4164
2018-07-22,Entire home/apt,4160
2018-07-23,Entire home/apt,4160
2018-07-24,Entire home/apt,4169
2018-07-25,Entire home/apt,4171
2018-07-26,Entire home/apt,4174
2018-07-27,Entire home/apt,4179
2018-07-28,Entire home/apt,4185
2018-07-29,Entire home/apt,4187
2018-07-30,Entire home/apt,4186
2018-07-31,Entire home/apt,4188
2018-08-01,Entire home/apt,4186
2018-08-02,Entire home/apt,4178
2018-08-03,Entire home/apt,4188
2018-08-04,Entire home/apt,4192
2018-08-05,Entire home/apt,4187
2018-08-06,Entire home/apt,4182
2018-08-07,Entire home/apt,4188
2018-08-08,Entire home/apt,4201
2018-08-09,Entire home/apt,4202
2018-08-10,Entire home/apt,4201
2018-08-11,Entire home/apt,4205
2018-08-12,Entire home/apt,4196
2018-08-13,Entire home/apt,4199
2018-08-14,Entire home/apt,4205
2018-08-15,Entire home/apt,4215
2018-08-16,Entire home/apt,4221
2018-08-17,Entire home/apt,4231
2018-08-18,Entire home/apt,4234
2018-08-19,Entire home/apt,4238
2018-08-20,Entire home/apt,4235
2018-08-21,Entire home/apt,4243
2018-08-22,Entire home/apt,4250
2018-08-23,Entire home/apt,4253
2018-08-24,Entire home/apt,4255
2018-08-25,Entire home/apt,4263
2018-08-26,Entire home/apt,4263
2018-08-27,Entire home/apt,4262
2018-08-28,Entire home/apt,4270
2018-08-29,Entire home/apt,4279
2018-08-30,Entire home/apt,4276
2018-08-31,Entire home/apt,4277
2018-09-01,Entire home/apt,4287
2018-09-02,Entire home/apt,4285
2018-09-03,Entire home/apt,4282
2018-09-04,Entire home/apt,4280
2018-09-05,Entire home/apt,4282
2018-09-06,Entire home/apt,4292
2018-09-07,Entire home/apt,4294
2018-09-08,Entire home/apt,4298
2018-09-09,Entire home/apt,4297
2018-09-10,Entire home/apt,4302
2018-09-11,Entire home/apt,4304
2018-09-12,Entire home/apt,4316
2018-09-13,Entire home/apt,4315
2018-09-14,Entire home/apt,4318
2018-09-15,Entire home/apt,4316
2018-09-16,Entire home/apt,4318
2018-09-17,Entire home/apt,4319
2018-09-18,Entire home/apt,4316
2018-09-19,Entire home/apt,4322
2018-09-20,Entire home/apt,4322
2018-09-21,Entire home/apt,4315
2018-09-22,Entire home/apt,4322
2018-09-23,Entire home/apt,4323
2018-09-24,Entire home/apt,4329
2018-09-25,Entire home/apt,4332
2018-09-26,Entire home/apt,4334
2018-09-27,Entire home/apt,4334
2018-09-28,Entire home/apt,4336
2018-09-29,Entire home/apt,4331
2018-09-30,Entire home/apt,4340
2018-10-01,Entire home/apt,4340
2018-10-02,Entire home/apt,4339
2018-10-03,Entire home/apt,4351
2018-10-04,Entire home/apt,4351
2018-10-05,Entire home/apt,4355
2018-10-06,Entire home/apt,4362
2018-10-07,Entire home/apt,4363
2018-10-08,Entire home/apt,4364
2018-10-09,Entire home/apt,4366
2018-10-10,Entire home/apt,4370
2018-10-11,Entire home/apt,4371
2018-10-12,Entire home/apt,4378
2018-10-13,Entire home/apt,4382
2018-10-14,Entire home/apt,4384
2018-10-15,Entire home/apt,4392
2018-10-16,Entire home/apt,4407
2018-10-17,Entire home/apt,4415
2018-10-18,Entire home/apt,4418
2018-10-19,Entire home/apt,4420
2018-10-20,Entire home/apt,4423
2018-10-21,Entire home/apt,4426
2018-10-22,Entire home/apt,4428
2018-10-23,Entire home/apt,4432
2018-10-24,Entire home/apt,4436
2018-10-25,Entire home/apt,4437
2018-10-26,Entire home/apt,4436
2018-10-27,Entire home/apt,4436
2018-10-28,Entire home/apt,4432
2018-10-29,Entire home/apt,4435
2018-10-30,Entire home/apt,4433
2018-10-31,Entire home/apt,4435
2018-11-01,Entire home/apt,4434
2018-11-02,Entire home/apt,4432
2018-11-03,Entire home/apt,4435
2018-11-04,Entire home/apt,4439
2018-11-05,Entire home/apt,4440
2018-11-06,Entire home/apt,4438
2018-11-07,Entire home/apt,4432
2018-11-08,Entire home/apt,4432
2018-11-09,Entire home/apt,4431
2018-11-10,Entire home/apt,4431
2018-11-11,Entire home/apt,4433
2018-11-12,Entire home/apt,4432
2018-11-13,Entire home/apt,4432
2018-11-14,Entire home/apt,4435
2018-11-15,Entire home/apt,4440
2018-11-16,Entire home/apt,4442
2018-11-17,Entire home/apt,4441
2018-11-18,Entire home/apt,4442
2018-11-19,Entire home/apt,4441
2018-11-20,Entire home/apt,4439
2018-11-21,Entire home/apt,4451
2018-11-22,Entire home/apt,4450
2018-11-23,Entire home/apt,4452
2018-11-24,Entire home/apt,4451
2018-11-25,Entire home/apt,4449
2018-11-26,Entire home/apt,4448
2018-11-27,Entire home/apt,4454
2018-11-28,Entire home/apt,4455
2018-11-29,Entire home/apt,4458
2018-11-30,Entire home/apt,4461
2018-12-01,Entire home/apt,4462
2018-12-02,Entire home/apt,4470
2018-12-03,Entire home/apt,4474
2018-12-04,Entire home/apt,4474
2018-12-05,Entire home/apt,4471
2018-12-06,Entire home/apt,4473
2018-12-07,Entire home/apt,4475
2018-12-08,Entire home/apt,4476
2018-12-09,Entire home/apt,4477
2018-12-10,Entire home/apt,4481
2018-12-11,Entire home/apt,4490
2018-12-12,Entire home/apt,4485
2018-12-13,Entire home/apt,4488
2018-12-14,Entire home/apt,4492
2018-12-15,Entire home/apt,4498
2018-12-16,Entire home/apt,4506
2018-12-17,Entire home/apt,4507
2018-12-18,Entire home/apt,4505
2018-12-19,Entire home/apt,4511
2018-12-20,Entire home/apt,4512
2018-12-21,Entire home/apt,4513
2018-12-22,Entire home/apt,4512
2018-12-23,Entire home/apt,4517
2018-12-24,Entire home/apt,4520
2018-12-25,Entire home/apt,4519
2018-12-26,Entire home/apt,4517
2018-12-27,Entire home/apt,4518
2018-12-28,Entire home/apt,4518
2018-12-29,Entire home/apt,4525
2018-12-30,Entire home/apt,4527
2018-12-31,Entire home/apt,4527
2019-01-01,Entire home/apt,4534
2019-01-02,Entire home/apt,4540
2019-01-03,Entire home/apt,4546
2019-01-04,Entire home/apt,4550
2019-01-05,Entire home/apt,4554
2019-01-06,Entire home/apt,4556
2019-01-07,Entire home/apt,4558
2019-01-08,Entire home/apt,4560
2019-01-09,Entire home/apt,4561
2019-01-10,Entire home/apt,4566
2019-01-11,Entire home/apt,4572
2019-01-12,Entire home/apt,4577
2019-01-13,Entire home/apt,4576
2019-01-14,Entire home/apt,4583
2019-01-15,Entire home/apt,4584
2019-01-16,Entire home/apt,4583
2019-01-17,Entire home/apt,4587
2019-01-18,Entire home/apt,4586
2019-01-19,Entire home/apt,4596
2019-01-20,Entire home/apt,4603
2019-01-21,Entire home/apt,4613
2019-01-22,Entire home/apt,4614
2019-01-23,Entire home/apt,4620
2019-01-24,Entire home/apt,4623
2019-01-25,Entire home/apt,4629
2019-01-26,Entire home/apt,4630
2019-01-27,Entire home/apt,4639
2019-01-28,Entire home/apt,4636
2019-01-29,Entire home/apt,4636
2019-01-30,Entire home/apt,4631
2019-01-31,Entire home/apt,4631
2019-02-01,Entire home/apt,4636
2019-02-02,Entire home/apt,4643
2019-02-03,Entire home/apt,4651
2019-02-04,Entire home/apt,4651
2019-02-05,Entire home/apt,4657
2019-02-06,Entire home/apt,4661
2019-02-07,Entire home/apt,4669
2019-02-08,Entire home/apt,4674
2019-02-09,Entire home/apt,4681
2019-02-10,Entire home/apt,4684
2019-02-11,Entire home/apt,4690
2019-02-12,Entire home/apt,4698
2019-02-13,Entire home/apt,4704
2019-02-14,Entire home/apt,4707
2019-02-15,Entire home/apt,4708
2019-02-16,Entire home/apt,4705
2019-02-17,Entire home/apt,4709
2019-02-18,Entire home/apt,4713
2019-02-19,Entire home/apt,4721
2019-02-20,Entire home/apt,4722
2019-02-21,Entire home/apt,4724
2019-02-22,Entire home/apt,4728
2019-02-23,Entire home/apt,4723
2019-02-24,Entire home/apt,4724
2019-02-25,Entire home/apt,4727
2019-02-26,Entire home/apt,4730
2019-02-27,Entire home/apt,4724
2019-02-28,Entire home/apt,4732
2019-03-01,Entire home/apt,4730
2019-03-02,Entire home/apt,4718
2019-03-03,Entire home/apt,4723
2019-03-04,Entire home/apt,4724
2019-03-05,Entire home/apt,4734
2019-03-06,Entire home/apt,4731
2019-03-07,Entire home/apt,4731
2019-03-08,Entire home/apt,4740
2019-03-09,Entire home/apt,4740
2019-03-10,Entire home/apt,4739
2019-03-11,Entire home/apt,4742
2019-03-12,Entire home/apt,4750
2019-03-13,Entire home/apt,4751
2019-03-14,Entire home/apt,4751
2019-03-15,Entire home/apt,4746
2019-03-16,Entire home/apt,4738
2019-03-17,Entire home/apt,4740
2019-03-18,Entire home/apt,4744
2019-03-19,Entire home/apt,4744
2019-03-20,Entire home/apt,4750
2019-03-21,Entire home/apt,4751
2019-03-22,Entire home/apt,4751
2019-03-23,Entire home/apt,4752
2019-03-24,Entire home/apt,4765
2019-03-25,Entire home/apt,4765
2019-03-26,Entire home/apt,4769
2019-03-27,Entire home/apt,4760
2019-03-28,Entire home/apt,4757
2019-03-29,Entire home/apt,4758
2019-03-30,Entire home/apt,4768
2019-03-31,Entire home/apt,4772
2019-04-01,Entire home/apt,4776
2019-04-02,Entire home/apt,4776
2019-04-03,Entire home/apt,4780
2019-04-04,Entire home/apt,4779
2019-04-05,Entire home/apt,4775
2019-04-06,Entire home/apt,4791
2019-04-07,Entire home/apt,4788
2019-04-08,Entire home/apt,4792
2019-04-09,Entire home/apt,4792
2019-04-10,Entire home/apt,4796
2019-04-11,Entire home/apt,4801
2019-04-12,Entire home/apt,4800
2019-04-13,Entire home/apt,4800
2019-04-14,Entire home/apt,4801
2019-04-15,Entire home/apt,4811
2019-04-16,Entire home/apt,4812
2019-04-17,Entire home/apt,4814
2019-04-18,Entire home/apt,4810
2019-04-19,Entire home/apt,4812
2019-04-20,Entire home/apt,4815
2019-04-21,Entire home/apt,4817
2019-04-22,Entire home/apt,4819
2019-04-23,Entire home/apt,4814
2019-04-24,Entire home/apt,4817
2019-04-25,Entire home/apt,4818
2019-04-26,Entire home/apt,4813
2019-04-27,Entire home/apt,4812
2019-04-28,Entire home/apt,4799
2019-04-29,Entire home/apt,4805
2019-04-30,Entire home/apt,4812
2015-09-30,Private room,100
2015-10-01,Private room,100
2015-10-02,Private room,100
2015-10-03,Private room,101
2015-10-04,Private room,101
2015-10-05,Private room,101
2015-10-06,Private room,101
2015-10-07,Private room,102
2015-10-08,Private room,102
2015-10-09,Private room,102
2015-10-10,Private room,103
2015-10-11,Private room,103
2015-10-12,Private room,103
2015-10-13,Private room,103
2015-10-14,Private room,104
2015-10-15,Private room,104
2015-10-16,Private room,104
2015-10-17,Private room,105
2015-10-18,Private room,105
2015-10-19,Private room,105
2015-10-20,Private room,105
2015-10-21,Private room,106
2015-10-22,Private room,106
2015-10-23,Private room,106
2015-10-24,Private room,107
2015-10-25,Private room,107
2015-10-26,Private room,107
2015-10-27,Private room,108
2015-10-28,Private room,108
2015-10-29,Private room,108
2015-10-30,Private room,108
2015-10-31,Private room,109
2015-11-01,Private room,109
2015-11-02,Private room,109
2015-11-03,Private room,110
2015-11-04,Private room,110
2015-11-05,Private room,110
2015-11-06,Private room,111
2015-11-07,Private room,111
2015-11-08,Private room,111
2015-11-09,Private room,111
2015-11-10,Private room,112
2015-11-11,Private room,112
2015-11-12,Private room,112
2015-11-13,Private room,113
2015-11-14,Private room,113
2015-11-15,Private room,113
2015-11-16,Private room,114
2015-11-17,Private room,114
2015-11-18,Private room,114
2015-11-19,Private room,115
2015-11-20,Private room,115
2015-11-21,Private room,115
2015-11-22,Private room,115
2015-11-23,Private room,116
2015-11-24,Private room,116
2015-11-25,Private room,116
2015-11-26,Private room,117
2015-11-27,Private room,117
2015-11-28,Private room,117
2015-11-29,Private room,118
2015-11-30,Private room,118
2015-12-01,Private room,118
2015-12-02,Private room,118
2015-12-03,Private room,119
2015-12-04,Private room,119
2015-12-05,Private room,119
2015-12-06,Private room,120
2015-12-07,Private room,120
2015-12-08,Private room,120
2015-12-09,Private room,121
2015-12-10,Private room,121
2015-12-11,Private room,121
2015-12-12,Private room,122
2015-12-13,Private room,122
2015-12-14,Private room,122
2015-12-15,Private room,123
2015-12-16,Private room,123
2015-12-17,Private room,123
2015-12-18,Private room,124
2015-12-19,Private room,124
2015-12-20,Private room,124
2015-12-21,Private room,124
2015-12-22,Private room,125
2015-12-23,Private room,125
2015-12-24,Private room,125
2015-12-25,Private room,126
2015-12-26,Private room,126
2015-12-27,Private room,126
2015-12-28,Private room,127
2015-12-29,Private room,127
2015-12-30,Private room,127
2015-12-31,Private room,128
2016-01-01,Private room,128
2016-01-02,Private room,128
2016-01-03,Private room,129
2016-01-04,Private room,129
2016-01-05,Private room,129
2016-01-06,Private room,130
2016-01-07,Private room,130
2016-01-08,Private room,130
2016-01-09,Private room,131
2016-01-10,Private room,131
2016-01-11,Private room,131
2016-01-12,Private room,132
2016-01-13,Private room,132
2016-01-14,Private room,132
2016-01-15,Private room,133
2016-01-16,Private room,133
2016-01-17,Private room,134
2016-01-18,Private room,134
2016-01-19,Private room,134
2016-01-20,Private room,135
2016-01-21,Private room,135
2016-01-22,Private room,135
2016-01-23,Private room,136
2016-01-24,Private room,136
2016-01-25,Private room,136
2016-01-26,Private room,137
2016-01-27,Private room,137
2016-01-28,Private room,138
2016-01-29,Private room,138
2016-01-30,Private room,138
2016-01-31,Private room,139
2016-02-01,Private room,139
2016-02-02,Private room,140
2016-02-03,Private room,140
2016-02-04,Private room,140
2016-02-05,Private room,141
2016-02-06,Private room,141
2016-02-07,Private room,141
2016-02-08,Private room,142
2016-02-09,Private room,142
2016-02-10,Private room,143
2016-02-11,Private room,143
2016-02-12,Private room,143
2016-02-13,Private room,144
2016-02-14,Private room,144
2016-02-15,Private room,145
2016-02-16,Private room,145
2016-02-17,Private room,145
2016-02-18,Private room,146
2016-02-19,Private room,146
2016-02-20,Private room,147
2016-02-21,Private room,147
2016-02-22,Private room,147
2016-02-23,Private room,148
2016-02-24,Private room,148
2016-02-25,Private room,149
2016-02-26,Private room,149
2016-02-27,Private room,149
2016-02-28,Private room,150
2016-02-29,Private room,150
2016-03-01,Private room,151
2016-03-02,Private room,151
2016-03-03,Private room,151
2016-03-04,Private room,152
2016-03-05,Private room,152
2016-03-06,Private room,152
2016-03-07,Private room,153
2016-03-08,Private room,153
2016-03-09,Private room,154
2016-03-10,Private room,154
2016-03-11,Private room,154
2016-03-12,Private room,155
2016-03-13,Private room,155
2016-03-14,Private room,156
2016-03-15,Private room,156
2016-03-16,Private room,156
2016-03-17,Private room,157
2016-03-18,Private room,157
2016-03-19,Private room,158
2016-03-20,Private room,158
2016-03-21,Private room,158
2016-03-22,Private room,159
2016-03-23,Private room,159
2016-03-24,Private room,160
2016-03-25,Private room,160
2016-03-26,Private room,160
2016-03-27,Private room,161
2016-03-28,Private room,161
2016-03-29,Private room,162
2016-03-30,Private room,162
2016-03-31,Private room,162
2016-04-01,Private room,163
2016-04-02,Private room,163
2016-04-03,Private room,164
2016-04-04,Private room,164
2016-04-05,Private room,164
2016-04-06,Private room,165
2016-04-07,Private room,165
2016-04-08,Private room,166
2016-04-09,Private room,166
2016-04-10,Private room,166
2016-04-11,Private room,167
2016-04-12,Private room,167
2016-04-13,Private room,168
2016-04-14,Private room,168
2016-04-15,Private room,168
2016-04-16,Private room,169
2016-04-17,Private room,169
2016-04-18,Private room,170
2016-04-19,Private room,170
2016-04-20,Private room,170
2016-04-21,Private room,171
2016-04-22,Private room,171
2016-04-23,Private room,172
2016-04-24,Private room,172
2016-04-25,Private room,172
2016-04-26,Private room,173
2016-04-27,Private room,173
2016-04-28,Private room,174
2016-04-29,Private room,174
2016-04-30,Private room,174
2016-05-01,Private room,175
2016-05-02,Private room,175
2016-05-03,Private room,176
2016-05-04,Private room,176
2016-05-05,Private room,176
2016-05-06,Private room,177
2016-05-07,Private room,177
2016-05-08,Private room,178
2016-05-09,Private room,178
2016-05-10,Private room,178
2016-05-11,Private room,179
2016-05-12,Private room,179
2016-05-13,Private room,180
2016-05-14,Private room,180
2016-05-15,Private room,180
2016-05-16,Private room,181
2016-05-17,Private room,181
2016-05-18,Private room,182
2016-05-19,Private room,182
2016-05-20,Private room,182
2016-05-21,Private room,183
2016-05-22,Private room,183
2016-05-23,Private room,184
2016-05-24,Private room,184
2016-05-25,Private room,185
2016-05-26,Private room,185
2016-05-27,Private room,185
2016-05-28,Private room,186
2016-05-29,Private room,186
2016-05-30,Private room,187
2016-05-31,Private room,187
2016-06-01,Private room,188
2016-06-02,Private room,188
2016-06-03,Private room,188
2016-06-04,Private room,189
2016-06-05,Private room,189
2016-06-06,Private room,190
2016-06-07,Private room,190
2016-06-08,Private room,191
2016-06-09,Private room,191
2016-06-10,Private room,191
2016-06-11,Private room,192
2016-06-12,Private room,192
2016-06-13,Private room,193
2016-06-14,Private room,193
2016-06-15,Private room,193
2016-06-16,Private room,194
2016-06-17,Private room,194
2016-06-18,Private room,195
2016-06-19,Private room,195
2016-06-20,Private room,195
2016-06-21,Private room,196
2016-06-22,Private room,196
2016-06-23,Private room,197
2016-06-24,Private room,197
2016-06-25,Private room,197
2016-06-26,Private room,198
2016-06-27,Private room,198
2016-06-28,Private room,199
2016-06-29,Private room,199
2016-06-30,Private room,199
2016-07-01,Private room,200
2016-07-02,Private room,200
2016-07-03,Private room,201
2016-07-04,Private room,201
2016-07-05,Private room,202
2016-07-06,Private room,202
2016-07-07,Private room,202
2016-07-08,Private room,203
2016-07-09,Private room,203
2016-07-10,Private room,204
2016-07-11,Private room,204
2016-07-12,Private room,204
2016-07-13,Private room,205
2016-07-14,Private room,205
2016-07-15,Private room,206
2016-07-16,Private room,206
2016-07-17,Private room,207
2016-07-18,Private room,207
2016-07-19,Private room,207
2016-07-20,Private room,208
2016-07-21,Private room,208
2016-07-22,Private room,209
2016-07-23,Private room,209
2016-07-24,Private room,210
2016-07-25,Private room,210
2016-07-26,Private room,210
2016-07-27,Private room,211
2016-07-28,Private room,211
2016-07-29,Private room,212
2016-07-30,Private room,212
2016-07-31,Private room,213
2016-08-01,Private room,213
2016-08-02,Private room,213
2016-08-03,Private room,214
2016-08-04,Private room,214
2016-08-05,Private room,215
2016-08-06,Private room,215
2016-08-07,Private room,216
2016-08-08,Private room,216
2016-08-09,Private room,216
2016-08-10,Private room,217
2016-08-11,Private room,217
2016-08-12,Private room,218
2016-08-13,Private room,218
2016-08-14,Private room,219
2016-08-15,Private room,219
2016-08-16,Private room,219
2016-08-17,Private room,220
2016-08-18,Private room,220
2016-08-19,Private room,221
2016-08-20,Private room,221
2016-08-21,Private room,222
2016-08-22,Private room,222
2016-08-23,Private room,223
2016-08-24,Private room,223
2016-08-25,Private room,223
2016-08-26,Private room,224
2016-08-27,Private room,224
2016-08-28,Private room,225
2016-08-29,Private room,225
2016-08-30,Private room,226
2016-08-31,Private room,226
2016-09-01,Private room,227
2016-09-02,Private room,227
2016-09-03,Private room,228
2016-09-04,Private room,228
2016-09-05,Private room,229
2016-09-06,Private room,229
2016-09-07,Private room,230
2016-09-08,Private room,230
2016-09-09,Private room,231
2016-09-10,Private room,231
2016-09-11,Private room,232
2016-09-12,Private room,232
2016-09-13,Private room,233
2016-09-14,Private room,233
2016-09-15,Private room,234
2016-09-16,Private room,235
2016-09-17,Private room,235
2016-09-18,Private room,236
2016-09-19,Private room,236
2016-09-20,Private room,237
2016-09-21,Private room,237
2016-09-22,Private room,238
2016-09-23,Private room,238
2016-09-24,Private room,239
2016-09-25,Private room,240
2016-09-26,Private room,240
2016-09-27,Private room,241
2016-09-28,Private room,241
2016-09-29,Private room,242
2016-09-30,Private room,242
2016-10-01,Private room,243
2016-10-02,Private room,244
2016-10-03,Private room,244
2016-10-04,Private room,245
2016-10-05,Private room,245
2016-10-06,Private room,246
2016-10-07,Private room,246
2016-10-08,Private room,247
2016-10-09,Private room,247
2016-10-10,Private room,248
2016-10-11,Private room,249
2016-10-12,Private room,249
2016-10-13,Private room,250
2016-10-14,Private room,250
2016-10-15,Private room,251
2016-10-16,Private room,251
2016-10-17,Private room,252
2016-10-18,Private room,253
2016-10-19,Private room,253
2016-10-20,Private room,254
2016-10-21,Private room,254
2016-10-22,Private room,255
2016-10-23,Private room,255
2016-10-24,Private room,256
2016-10-25,Private room,257
2016-10-26,Private room,257
2016-10-27,Private room,258
2016-10-28,Private room,258
2016-10-29,Private room,259
2016-10-30,Private room,259
2016-10-31,Private room,260
2016-11-01,Private room,261
2016-11-02,Private room,261
2016-11-03,Private room,262
2016-11-04,Private room,262
2016-11-05,Private room,263
2016-11-06,Private room,263
2016-11-07,Private room,264
2016-11-08,Private room,265
2016-11-09,Private room,265
2016-11-10,Private room,266
2016-11-11,Private room,266
2016-11-12,Private room,267
2016-11-13,Private room,267
2016-11-14,Private room,268
2016-11-15,Private room,269
2016-11-16,Private room,269
2016-11-17,Private room,270
2016-11-18,Private room,270
2016-11-19,Private room,271
2016-11-20,Private room,271
2016-11-21,Private room,272
2016-11-22,Private room,272
2016-11-23,Private room,273
2016-11-24,Private room,273
2016-11-25,Private room,274
2016-11-26,Private room,275
2016-11-27,Private room,275
2016-11-28,Private room,276
2016-11-29,Private room,276
2016-11-30,Private room,277
2016-12-01,Private room,277
2016-12-02,Private room,278
2016-12-03,Private room,278
2016-12-04,Private room,279
2016-12-05,Private room,279
2016-12-06,Private room,280
2016-12-07,Private room,280
2016-12-08,Private room,281
2016-12-09,Private room,281
2016-12-10,Private room,282
2016-12-11,Private room,282
2016-12-12,Private room,283
2016-12-13,Private room,283
2016-12-14,Private room,284
2016-12-15,Private room,284
2016-12-16,Private room,285
2016-12-17,Private room,285
2016-12-18,Private room,286
2016-12-19,Private room,286
2016-12-20,Private room,287
2016-12-21,Private room,288
2016-12-22,Private room,288
2016-12-23,Private room,289
2016-12-24,Private room,289
2016-12-25,Private room,290
2016-12-26,Private room,290
2016-12-27,Private room,291
2016-12-28,Private room,291
2016-12-29,Private room,292
2016-12-30,Private room,292
2016-12-31,Private room,293
2017-01-01,Private room,293
2017-01-02,Private room,294
2017-01-03,Private room,294
2017-01-04,Private room,295
2017-01-05,Private room,295
2017-01-06,Private room,296
2017-01-07,Private room,296
2017-01-08,Private room,297
2017-01-09,Private room,297
2017-01-10,Private room,298
2017-01-11,Private room,298
2017-01-12,Private room,299
2017-01-13,Private room,299
2017-01-14,Private room,300
2017-01-15,Private room,300
2017-01-16,Private room,301
2017-01-17,Private room,301
2017-01-18,Private room,302
2017-01-19,Private room,302
2017-01-20,Private room,303
2017-01-21,Private room,303
2017-01-22,Private room,304
2017-01-23,Private room,304
2017-01-24,Private room,305
2017-01-25,Private room,305
2017-01-26,Private room,306
2017-01-27,Private room,306
2017-01-28,Private room,307
2017-01-29,Private room,307
2017-01-30,Private room,308
2017-01-31,Private room,308
2017-02-01,Private room,309
2017-02-02,Private room,309
2017-02-03,Private room,309
2017-02-04,Private room,310
2017-02-05,Private room,310
2017-02-06,Private room,311
2017-02-07,Private room,311
2017-02-08,Private room,312
2017-02-09,Private room,312
2017-02-10,Private room,313
2017-02-11,Private room,313
2017-02-12,Private room,314
2017-02-13,Private room,314
2017-02-14,Private room,315
2017-02-15,Private room,315
2017-02-16,Private room,316
2017-02-17,Private room,316
2017-02-18,Private room,317
2017-02-19,Private room,317
2017-02-20,Private room,318
2017-02-21,Private room,318
2017-02-22,Private room,318
2017-02-23,Private room,319
2017-02-24,Private room,319
2017-02-25,Private room,320
2017-02-26,Private room,320
2017-02-27,Private room,321
2017-02-28,Private room,321
2017-03-01,Private room,322
2017-03-02,Private room,322
2017-03-03,Private room,323
2017-03-04,Private room,323
2017-03-05,Private room,324
2017-03-06,Private room,324
2017-03-07,Private room,325
2017-03-08,Private room,325
2017-03-09,Private room,326
2017-03-10,Private room,326
2017-03-11,Private room,327
2017-03-12,Private room,327
2017-03-13,Private room,328
2017-03-14,Private room,328
2017-03-15,Private room,329
2017-03-16,Private room,329
2017-03-17,Private room,330
2017-03-18,Private room,330
2017-03-19,Private room,331
2017-03-20,Private room,331
2017-03-21,Private room,332
2017-03-22,Private room,332
2017-03-23,Private room,333
2017-03-24,Private room,333
2017-03-25,Private room,334
2017-03-26,Private room,334
2017-03-27,Private room,335
2017-03-28,Private room,335
2017-03-29,Private room,336
2017-03-30,Private room,336
2017-03-31,Private room,337
2017-04-01,Private room,337
2017-04-02,Private room,338
2017-04-03,Private room,338
2017-04-04,Private room,339
2017-04-05,Private room,339
2017-04-06,Private room,340
2017-04-07,Private room,341
2017-04-08,Private room,341
2017-04-09,Private room,342
2017-04-10,Private room,342
2017-04-11,Private room,343
2017-04-12,Private room,343
2017-04-13,Private room,344
2017-04-14,Private room,344
2017-04-15,Private room,345
2017-04-16,Private room,345
2017-04-17,Private room,346
2017-04-18,Private room,346
2017-04-19,Private room,347
2017-04-20,Private room,347
2017-04-21,Private room,348
2017-04-22,Private room,348
2017-04-23,Private room,349
2017-04-24,Private room,349
2017-04-25,Private room,350
2017-04-26,Private room,350
2017-04-27,Private room,351
2017-04-28,Private room,351
2017-04-29,Private room,352
2017-04-30,Private room,353
2017-05-01,Private room,353
2017-05-02,Private room,354
2017-05-03,Private room,354
2017-05-04,Private room,355
2017-05-05,Private room,355
2017-05-06,Private room,356
2017-05-07,Private room,356
2017-05-08,Private room,357
2017-05-09,Private room,357
2017-05-10,Private room,358
2017-05-11,Private room,358
2017-05-12,Private room,359
2017-05-13,Private room,359
2017-05-14,Private room,360
2017-05-15,Private room,360
2017-05-16,Private room,361
2017-05-17,Private room,361
2017-05-18,Private room,362
2017-05-19,Private room,362
2017-05-20,Private room,363
2017-05-21,Private room,364
2017-05-22,Private room,364
2017-05-23,Private room,365
2017-05-24,Private room,365
2017-05-25,Private room,366
2017-05-26,Private room,366
2017-05-27,Private room,367
2017-05-28,Private room,367
2017-05-29,Private room,368
2017-05-30,Private room,369
2017-05-31,Private room,369
2017-06-01,Private room,370
2017-06-02,Private room,370
2017-06-03,Private room,371
2017-06-04,Private room,371
2017-06-05,Private room,372
2017-06-06,Private room,372
2017-06-07,Private room,373
2017-06-08,Private room,374
2017-06-09,Private room,374
2017-06-10,Private room,375
2017-06-11,Private room,375
2017-06-12,Private room,376
2017-06-13,Private room,376
2017-06-14,Private room,377
2017-06-15,Private room,377
2017-06-16,Private room,378
2017-06-17,Private room,379
2017-06-18,Private room,379
2017-06-19,Private room,380
2017-06-20,Private room,380
2017-06-21,Private room,381
2017-06-22,Private room,381
2017-06-23,Private room,382
2017-06-24,Private room,383
2017-06-25,Private room,383
2017-06-26,Private room,384
2017-06-27,Private room,384
2017-06-28,Private room,385
2017-06-29,Private room,385
2017-06-30,Private room,386
2017-07-01,Private room,387
2017-07-02,Private room,387
2017-07-03,Private room,388
2017-07-04,Private room,388
2017-07-05,Private room,389
2017-07-06,Private room,389
2017-07-07,Private room,390
2017-07-08,Private room,391
2017-07-09,Private room,391
2017-07-10,Private room,392
2017-07-11,Private room,392
2017-07-12,Private room,393
2017-07-13,Private room,393
2017-07-14,Private room,394
2017-07-15,Private room,395
2017-07-16,Private room,395
2017-07-17,Private room,396
2017-07-18,Private room,396
2017-07-19,Private room,397
2017-07-20,Private room,398
2017-07-21,Private room,398
2017-07-22,Private room,399
2017-07-23,Private room,399
2017-07-24,Private room,400
2017-07-25,Private room,400
2017-07-26,Private room,401
2017-07-27,Private room,401
2017-07-28,Private room,402
2017-07-29,Private room,403
2017-07-30,Private room,403
2017-07-31,Private room,404
2017-08-01,Private room,404
2017-08-02,Private room,405
2017-08-03,Private room,405
2017-08-04,Private room,406
2017-08-05,Private room,406
2017-08-06,Private room,407
2017-08-07,Private room,407
2017-08-08,Private room,408
2017-08-09,Private room,408
2017-08-10,Private room,409
2017-08-11,Private room,410
2017-08-12,Private room,410
2017-08-13,Private room,411
2017-08-14,Private room,411
2017-08-15,Private room,412
2017-08-16,Private room,412
2017-08-17,Private room,413
2017-08-18,Private room,413
2017-08-19,Private room,414
2017-08-20,Private room,414
2017-08-21,Private room,415
2017-08-22,Private room,415
2017-08-23,Private room,416
2017-08-24,Private room,416
2017-08-25,Private room,417
2017-08-26,Private room,417
2017-08-27,Private room,418
2017-08-28,Private room,418
2017-08-29,Private room,419
2017-08-30,Private room,419
2017-08-31,Private room,420
2017-09-01,Private room,420
2017-09-02,Private room,421
2017-09-03,Private room,421
2017-09-04,Private room,422
2017-09-05,Private room,422
2017-09-06,Private room,423
2017-09-07,Private room,423
2017-09-08,Private room,424
2017-09-09,Private room,424
2017-09-10,Private room,425
2017-09-11,Private room,425
2017-09-12,Private room,426
2017-09-13,Private room,426
2017-09-14,Private room,426
2017-09-15,Private room,427
2017-09-16,Private room,427
2017-09-17,Private room,428
2017-09-18,Private room,428
2017-09-19,Private room,429
2017-09-20,Private room,429
2017-09-21,Private room,430
2017-09-22,Private room,430
2017-09-23,Private room,431
2017-09-24,Private room,431
2017-09-25,Private room,432
2017-09-26,Private room,432
2017-09-27,Private room,433
2017-09-28,Private room,433
2017-09-29,Private room,434
2017-09-30,Private room,434
2017-10-01,Private room,434
2017-10-02,Private room,435
2017-10-03,Private room,435
2017-10-04,Private room,436
2017-10-05,Private room,436
2017-10-06,Private room,437
2017-10-07,Private room,437
2017-10-08,Private room,438
2017-10-09,Private room,438
2017-10-10,Private room,439
2017-10-11,Private room,439
2017-10-12,Private room,440
2017-10-13,Private room,441
2017-10-14,Private room,441
2017-10-15,Private room,441
2017-10-16,Private room,442
2017-10-17,Private room,442
2017-10-18,Private room,443
2017-10-19,Private room,443
2017-10-20,Private room,444
2017-10-21,Private room,444
2017-10-22,Private room,445
2017-10-23,Private room,445
2017-10-24,Private room,446
2017-10-25,Private room,446
2017-10-26,Private room,447
2017-10-27,Private room,447
2017-10-28,Private room,448
2017-10-29,Private room,448
2017-10-30,Private room,449
2017-10-31,Private room,449
2017-11-01,Private room,450
2017-11-02,Private room,450
2017-11-03,Private room,451
2017-11-04,Private room,451
2017-11-05,Private room,452
2017-11-06,Private room,452
2017-11-07,Private room,453
2017-11-08,Private room,453
2017-11-09,Private room,454
2017-11-10,Private room,455
2017-11-11,Private room,455
2017-11-12,Private room,456
2017-11-13,Private room,456
2017-11-14,Private room,457
2017-11-15,Private room,457
2017-11-16,Private room,458
2017-11-17,Private room,458
2017-11-18,Private room,459
2017-11-19,Private room,460
2017-11-20,Private room,460
2017-11-21,Private room,461
2017-11-22,Private room,461
2017-11-23,Private room,462
2017-11-24,Private room,463
2017-11-25,Private room,463
2017-11-26,Private room,464
2017-11-27,Private room,465
2017-11-28,Private room,465
2017-11-29,Private room,466
2017-11-30,Private room,467
2017-12-01,Private room,467
2017-12-02,Private room,468
2017-12-03,Private room,468
2017-12-04,Private room,469
2017-12-05,Private room,470
2017-12-06,Private room,470
2017-12-07,Private room,471
2017-12-08,Private room,472
2017-12-09,Private room,472
2017-12-10,Private room,473
2017-12-11,Private room,474
2017-12-12,Private room,474
2017-12-13,Private room,475
2017-12-14,Private room,475
2017-12-15,Private room,476
2017-12-16,Private room,477
2017-12-17,Private room,477
2017-12-18,Private room,478
2017-12-19,Private room,479
2017-12-20,Private room,479
2017-12-21,Private room,480
2017-12-22,Private room,481
2017-12-23,Private room,481
2017-12-24,Private room,482
2017-12-25,Private room,483
2017-12-26,Private room,483
2017-12-27,Private room,484
2017-12-28,Private room,484
2017-12-29,Private room,485
2017-12-30,Private room,486
2017-12-31,Private room,486
2018-01-01,Private room,487
2018-01-02,Private room,488
2018-01-03,Private room,488
2018-01-04,Private room,489
2018-01-05,Private room,490
2018-01-06,Private room,490
2018-01-07,Private room,491
2018-01-08,Private room,492
2018-01-09,Private room,492
2018-01-10,Private room,493
2018-01-11,Private room,494
2018-01-12,Private room,495
2018-01-13,Private room,495
2018-01-14,Private room,496
2018-01-15,Private room,497
2018-01-16,Private room,497
2018-01-17,Private room,498
2018-01-18,Private room,499
2018-01-19,Private room,500
2018-01-20,Private room,500
2018-01-21,Private room,501
2018-01-22,Private room,502
2018-01-23,Private room,502
2018-01-24,Private room,503
2018-01-25,Private room,504
2018-01-26,Private room,505
2018-01-27,Private room,505
2018-01-28,Private room,506
2018-01-29,Private room,507
2018-01-30,Private room,508
2018-01-31,Private room,508
2018-02-01,Private room,509
2018-02-02,Private room,510
2018-02-03,Private room,510
2018-02-04,Private room,511
2018-02-05,Private room,512
2018-02-06,Private room,512
2018-02-07,Private room,513
2018-02-08,Private room,514
2018-02-09,Private room,515
2018-02-10,Private room,515
2018-02-11,Private room,516
2018-02-12,Private room,517
2018-02-13,Private room,517
2018-02-14,Private room,518
2018-02-15,Private room,519
2018-02-16,Private room,519
2018-02-17,Private room,520
2018-02-18,Private room,521
2018-02-19,Private room,522
2018-02-20,Private room,522
2018-02-21,Private room,523
2018-02-22,Private room,524
2018-02-23,Private room,524
2018-02-24,Private room,525
2018-02-25,Private room,526
2018-02-26,Private room,526
2018-02-27,Private room,527
2018-02-28,Private room,528
2018-03-01,Private room,528
2018-03-02,Private room,529
2018-03-03,Private room,530
2018-03-04,Private room,530
2018-03-05,Private room,531
2018-03-06,Private room,531
2018-03-07,Private room,532
2018-03-08,Private room,533
2018-03-09,Private room,533
2018-03-10,Private room,534
2018-03-11,Private room,535
2018-03-12,Private room,535
2018-03-13,Private room,536
2018-03-14,Private room,537
2018-03-15,Private room,537
2018-03-16,Private room,538
2018-03-17,Private room,539
2018-03-18,Private room,539
2018-03-19,Private room,540
2018-03-20,Private room,541
2018-03-21,Private room,541
2018-03-22,Private room,542
2018-03-23,Private room,542
2018-03-24,Private room,543
2018-03-25,Private room,544
2018-03-26,Private room,544
2018-03-27,Private room,545
2018-03-28,Private room,546
2018-03-29,Private room,546
2018-03-30,Private room,547
2018-03-31,Private room,547
2018-04-01,Private room,548
2018-04-02,Private room,549
2018-04-03,Private room,549
2018-04-04,Private room,550
2018-04-05,Private room,551
2018-04-06,Private room,551
2018-04-07,Private room,552
2018-04-08,Private room,553
2018-04-09,Private room,553
2018-04-10,Private room,554
2018-04-11,Private room,554
2018-04-12,Private room,555
2018-04-13,Private room,556
2018-04-14,Private room,556
2018-04-15,Private room,557
2018-04-16,Private room,557
2018-04-17,Private room,558
2018-04-18,Private room,559
2018-04-19,Private room,559
2018-04-20,Private room,560
2018-04-21,Private room,561
2018-04-22,Private room,561
2018-04-23,Private room,562
2018-04-24,Private room,562
2018-04-25,Private room,563
2018-04-26,Private room,564
2018-04-27,Private room,564
2018-04-28,Private room,565
2018-04-29,Private room,565
2018-04-30,Private room,566
2018-05-01,Private room,567
2018-05-02,Private room,567
2018-05-03,Private room,568
2018-05-04,Private room,568
2018-05-05,Private room,569
2018-05-06,Private room,570
2018-05-07,Private room,570
2018-05-08,Private room,571
2018-05-09,Private room,571
2018-05-10,Private room,572
2018-05-11,Private room,573
2018-05-12,Private room,573
2018-05-13,Private room,574
2018-05-14,Private room,574
2018-05-15,Private room,575
2018-05-16,Private room,576
2018-05-17,Private room,576
2018-05-18,Private room,577
2018-05-19,Private room,577
2018-05-20,Private room,578
2018-05-21,Private room,579
2018-05-22,Private room,579
2018-05-23,Private room,580
2018-05-24,Private room,580
2018-05-25,Private room,581
2018-05-26,Private room,582
2018-05-27,Private room,582
2018-05-28,Private room,583
2018-05-29,Private room,583
2018-05-30,Private room,584
2018-05-31,Private room,584
2018-06-01,Private room,585
2018-06-02,Private room,585
2018-06-03,Private room,586
2018-06-04,Private room,586
2018-06-05,Private room,587
2018-06-06,Private room,587
2018-06-07,Private room,588
2018-06-08,Private room,588
2018-06-09,Private room,589
2018-06-10,Private room,589
2018-06-11,Private room,590
2018-06-12,Private room,591
2018-06-13,Private room,591
2018-06-14,Private room,592
2018-06-15,Private room,592
2018-06-16,Private room,593
2018-06-17,Private room,593
2018-06-18,Private room,594
2018-06-19,Private room,595
2018-06-20,Private room,595
2018-06-21,Private room,596
2018-06-22,Private room,596
2018-06-23,Private room,597
2018-06-24,Private room,597
2018-06-25,Private room,598
2018-06-26,Private room,598
2018-06-27,Private room,599
2018-06-28,Private room,599
2018-06-29,Private room,600
2018-06-30,Private room,601
2018-07-01,Private room,601
2018-07-02,Private room,602
2018-07-03,Private room,602
2018-07-04,Private room,603
2018-07-05,Private room,604
2018-07-06,Private room,604
2018-07-07,Private room,605
2018-07-08,Private room,605
2018-07-09,Private room,606
2018-07-10,Private room,607
2018-07-11,Private room,607
2018-07-12,Private room,608
2018-07-13,Private room,608
2018-07-14,Private room,609
2018-07-15,Private room,609
2018-07-16,Private room,610
2018-07-17,Private room,611
2018-07-18,Private room,611
2018-07-19,Private room,612
2018-07-20,Private room,612
2018-07-21,Private room,613
2018-07-22,Private room,613
2018-07-23,Private room,614
2018-07-24,Private room,615
2018-07-25,Private room,615
2018-07-26,Private room,616
2018-07-27,Private room,616
2018-07-28,Private room,617
2018-07-29,Private room,617
2018-07-30,Private room,618
2018-07-31,Private room,619
2018-08-01,Private room,619
2018-08-02,Private room,620
2018-08-03,Private room,620
2018-08-04,Private room,621
2018-08-05,Private room,622
2018-08-06,Private room,622
2018-08-07,Private room,623
2018-08-08,Private room,624
2018-08-09,Private room,624
2018-08-10,Private room,625
2018-08-11,Private room,625
2018-08-12,Private room,626
2018-08-13,Private room,627
2018-08-14,Private room,627
2018-08-15,Private room,628
2018-08-16,Private room,628
2018-08-17,Private room,629
2018-08-18,Private room,630
2018-08-19,Private room,630
2018-08-20,Private room,631
2018-08-21,Private room,631
2018-08-22,Private room,632
2018-08-23,Private room,633
2018-08-24,Private room,633
2018-08-25,Private room,634
2018-08-26,Private room,635
2018-08-27,Private room,635
2018-08-28,Private room,636
2018-08-29,Private room,636
2018-08-30,Private room,637
2018-08-31,Private room,638
2018-09-01,Private room,638
2018-09-02,Private room,639
2018-09-03,Private room,639
2018-09-04,Private room,640
2018-09-05,Private room,641
2018-09-06,Private room,641
2018-09-07,Private room,642
2018-09-08,Private room,642
2018-09-09,Private room,643
2018-09-10,Private room,643
2018-09-11,Private room,644
2018-09-12,Private room,644
2018-09-13,Private room,645
2018-09-14,Private room,646
2018-09-15,Private room,646
2018-09-16,Private room,647
2018-09-17,Private room,647
2018-09-18,Private room,648
2018-09-19,Private room,648
2018-09-20,Private room,649
2018-09-21,Private room,650
2018-09-22,Private room,650
2018-09-23,Private room,651
2018-09-24,Private room,651
2018-09-25,Private room,652
2018-09-26,Private room,653
2018-09-27,Private room,653
2018-09-28,Private room,654
2018-09-29,Private room,654
2018-09-30,Private room,655
2018-10-01,Private room,655
2018-10-02,Private room,656
2018-10-03,Private room,657
2018-10-04,Private room,657
2018-10-05,Private room,658
2018-10-06,Private room,659
2018-10-07,Private room,659
2018-10-08,Private room,660
2018-10-09,Private room,660
2018-10-10,Private room,661
2018-10-11,Private room,662
2018-10-12,Private room,662
2018-10-13,Private room,663
2018-10-14,Private room,663
2018-10-15,Private room,664
2018-10-16,Private room,664
2018-10-17,Private room,665
2018-10-18,Private room,666
2018-10-19,Private room,666
2018-10-20,Private room,667
2018-10-21,Private room,667
2018-10-22,Private room,668
2018-10-23,Private room,668
2018-10-24,Private room,669
2018-10-25,Private room,670
2018-10-26,Private room,670
2018-10-27,Private room,671
2018-10-28,Private room,671
2018-10-29,Private room,672
2018-10-30,Private room,672
2018-10-31,Private room,673
2018-11-01,Private room,673
2018-11-02,Private room,674
2018-11-03,Private room,674
2018-11-04,Private room,675
2018-11-05,Private room,675
2018-11-06,Private room,676
2018-11-07,Private room,677
2018-11-08,Private room,677
2018-11-09,Private room,677
2018-11-10,Private room,678
2018-11-11,Private room,678
2018-11-12,Private room,679
2018-11-13,Private room,679
2018-11-14,Private room,680
2018-11-15,Private room,680
2018-11-16,Private room,681
2018-11-17,Private room,681
2018-11-18,Private room,681
2018-11-19,Private room,682
2018-11-20,Private room,682
2018-11-21,Private room,683
2018-11-22,Private room,683
2018-11-23,Private room,684
2018-11-24,Private room,684
2018-11-25,Private room,685
2018-11-26,Private room,685
2018-11-27,Private room,685
2018-11-28,Private room,686
2018-11-29,Private room,686
2018-11-30,Private room,687
2018-12-01,Private room,687
2018-12-02,Private room,688
2018-12-03,Private room,688
2018-12-04,Private room,689
2018-12-05,Private room,689
2018-12-06,Private room,689
2018-12-07,Private room,690
2018-12-08,Private room,690
2018-12-09,Private room,690
2018-12-10,Private room,691
2018-12-11,Private room,691
2018-12-12,Private room,692
2018-12-13,Private room,692
2018-12-14,Private room,692
2018-12-15,Private room,693
2018-12-16,Private room,693
2018-12-17,Private room,694
2018-12-18,Private room,694
2018-12-19,Private room,694
2018-12-20,Private room,695
2018-12-21,Private room,695
2018-12-22,Private room,696
2018-12-23,Private room,696
2018-12-24,Private room,696
2018-12-25,Private room,697
2018-12-26,Private room,697
2018-12-27,Private room,698
2018-12-28,Private room,698
2018-12-29,Private room,699
2018-12-30,Private room,699
2018-12-31,Private room,699
2019-01-01,Private room,700
2019-01-02,Private room,700
2019-01-03,Private room,701
2019-01-04,Private room,701
2019-01-05,Private room,701
2019-01-06,Private room,702
2019-01-07,Private room,702
2019-01-08,Private room,702
2019-01-09,Private room,703
2019-01-10,Private room,703
2019-01-11,Private room,703
2019-01-12,Private room,704
2019-01-13,Private room,704
2019-01-14,Private room,704
2019-01-15,Private room,705
2019-01-16,Private room,705
2019-01-17,Private room,705
2019-01-18,Private room,706
2019-01-19,Private room,706
2019-01-20,Private room,706
2019-01-21,Private room,707
2019-01-22,Private room,707
2019-01-23,Private room,708
2019-01-24,Private room,708
2019-01-25,Private room,708
2019-01-26,Private room,709
2019-01-27,Private room,709
2019-01-28,Private room,709
2019-01-29,Private room,710
2019-01-30,Private room,710
2019-01-31,Private room,711
2019-02-01,Private room,711
2019-02-02,Private room,711
2019-02-03,Private room,712
2019-02-04,Private room,712
2019-02-05,Private room,713
2019-02-06,Private room,713
2019-02-07,Private room,713
2019-02-08,Private room,714
2019-02-09,Private room,714
2019-02-10,Private room,715
2019-02-11,Private room,715
2019-02-12,Private room,715
2019-02-13,Private room,716
2019-02-14,Private room,716
2019-02-15,Private room,717
2019-02-16,Private room,717
2019-02-17,Private room,717
2019-02-18,Private room,718
2019-02-19,Private room,718
2019-02-20,Private room,719
2019-02-21,Private room,719
2019-02-22,Private room,719
2019-02-23,Private room,720
2019-02-24,Private room,720
2019-02-25,Private room,720
2019-02-26,Private room,721
2019-02-27,Private room,721
2019-02-28,Private room,722
2019-03-01,Private room,722
2019-03-02,Private room,723
2019-03-03,Private room,723
2019-03-04,Private room,724
2019-03-05,Private room,724
2019-03-06,Private room,724
2019-03-07,Private room,725
2019-03-08,Private room,725
2019-03-09,Private room,726
2019-03-10,Private room,726
2019-03-11,Private room,727
2019-03-12,Private room,727
2019-03-13,Private room,727
2019-03-14,Private room,728
2019-03-15,Private room,728
2019-03-16,Private room,729
2019-03-17,Private room,729
2019-03-18,Private room,729
2019-03-19,Private room,730
2019-03-20,Private room,730
2019-03-21,Private room,731
2019-03-22,Private room,731
2019-03-23,Private room,732
2019-03-24,Private room,732
2019-03-25,Private room,732
2019-03-26,Private room,733
2019-03-27,Private room,733
2019-03-28,Private room,734
2019-03-29,Private room,734
2019-03-30,Private room,734
2019-03-31,Private room,735
2019-04-01,Private room,735
2019-04-02,Private room,735
2019-04-03,Private room,736
2019-04-04,Private room,736
2019-04-05,Private room,736
2019-04-06,Private room,737
2019-04-07,Private room,737
2019-04-08,Private room,738
2019-04-09,Private room,738
2019-04-10,Private room,738
2019-04-11,Private room,739
2019-04-12,Private room,739
2019-04-13,Private room,740
2019-04-14,Private room,740
2019-04-15,Private room,740
2019-04-16,Private room,741
2019-04-17,Private room,741
2019-04-18,Private room,741
2019-04-19,Private room,742
2019-04-20,Private room,742
2019-04-21,Private room,742
2019-04-22,Private room,743
2019-04-23,Private room,743
2019-04-24,Private room,743
2019-04-25,Private room,744
2019-04-26,Private room,744
2019-04-27,Private room,744
2019-04-28,Private room,745
2019-04-29,Private room,745
2019-04-30,Private room,745
